{"name":"d6de81b3-389a-486d-98fc-0266cbd4cae6","id":"/providers/Microsoft.Flow/flows/d6de81b3-389a-486d-98fc-0266cbd4cae6","type":"Microsoft.Flow/flows","properties":{"apiId":"/providers/Microsoft.PowerApps/apis/shared_logicflows","displayName":"docusign","definition":{"metadata":{"workflowEntityId":null,"processAdvisorMetadata":null,"flowclientsuspensionreason":"None","flowclientsuspensiontime":null,"flowclientsuspensionreasondetails":null,"creator":{"id":"5dff46a8-aea1-4451-9954-f148740d43ae","type":"User","tenantId":"a81c6778-50fd-4429-a1d0-4b842da62dda"},"provisioningMethod":"FromDefinition","failureAlertSubscription":true,"clientLastModifiedTime":"2022-08-11T18:21:14.5577477Z"},"$schema":"https://schema.management.azure.com/providers/Microsoft.Logic/schemas/2016-06-01/workflowdefinition.json#","contentVersion":"1.0.0.0","parameters":{"$connections":{"defaultValue":{},"type":"Object"},"$authentication":{"defaultValue":{},"type":"SecureObject"}},"triggers":{"When_a_new_response_is_submitted":{"splitOn":"@triggerOutputs()?['body/value']","metadata":{"operationMetadataId":"b8d6a69d-a0f9-43a2-9d31-ca9fa20ea599"},"type":"OpenApiConnectionWebhook","inputs":{"host":{"apiId":"/providers/Microsoft.PowerApps/apis/shared_microsoftforms","connectionName":"shared_microsoftforms","operationId":"CreateFormWebhook"},"parameters":{"form_id":"eGccqP1QKUSh0EuELaYt2qhG_12hrlFEmVTxSHQNQ65UN0syS0ZST0FZRUhLTDBMODdIVVEzOENYUC4u"},"authentication":"@parameters('$authentication')"}}},"actions":{"Get_response_details":{"runAfter":{},"metadata":{"operationMetadataId":"9b31c2df-bd36-4141-82c0-aa8fcae286ac"},"type":"OpenApiConnection","inputs":{"host":{"apiId":"/providers/Microsoft.PowerApps/apis/shared_microsoftforms","connectionName":"shared_microsoftforms","operationId":"GetFormResponseById"},"parameters":{"form_id":"eGccqP1QKUSh0EuELaYt2qhG_12hrlFEmVTxSHQNQ65UN0syS0ZST0FZRUhLTDBMODdIVVEzOENYUC4u","response_id":"@triggerOutputs()?['body/resourceData/responseId']"},"authentication":"@parameters('$authentication')"}},"create_envelope":{"runAfter":{"Get_response_details":["Succeeded"]},"metadata":{"operationMetadataId":"abed38c2-6f9f-4351-b45d-9a5ee9fb7f6c"},"type":"OpenApiConnection","inputs":{"host":{"apiId":"/providers/Microsoft.PowerApps/apis/shared_docusign-20connection-5f81476ba74a2790be-5f54aca5f36a4329c7","connectionName":"shared_docusign-20connection-5f81476ba74a2790be-5f54aca5f36a4329c7_1","operationId":"CreateEnvelope"},"parameters":{"body/accountId":"449962ce-9230-410a-88b2-b700c4f4e649","body/emailSubject":"New companion for @{outputs('Get_response_details')?['body/r61b8aa0160164928a2af64fce2e9ee01']}","body/templateId":"24bb7bc9-5798-463b-9a24-2bd009fc57be","body/status":"sent","body/templateRoles":[{"roleName":"Adopter","name":"@outputs('Get_response_details')?['body/r61b8aa0160164928a2af64fce2e9ee01']","email":"@outputs('Get_response_details')?['body/r8e2605cdc20840bfb68cf5f104780880']"},{"roleName":"admin","name":"deepan raj","email":"deepanrey777@outlook.com\n"},{"roleName":"Director","name":"REY","email":"MAILREYTEST@GMAIL.COM"}]},"authentication":"@parameters('$authentication')"}}},"outputs":{}},"connectionReferences":{"shared_microsoftforms":{"connectionName":"shared-microsoftform-23f9fa52-5ebe-4f62-89c9-893aea66ae4f","source":"Embedded","id":"/providers/Microsoft.PowerApps/apis/shared_microsoftforms","tier":"NotSpecified"},"shared_docusign-20connection-5f81476ba74a2790be-5f54aca5f36a4329c7_1":{"connectionName":"ffb4a0ba-ce51-4a0e-b890-836611f4beb9","source":"Embedded","id":"/providers/Microsoft.PowerApps/apis/shared_docusign-20connection-5f81476ba74a2790be-5f54aca5f36a4329c7","tier":"NotSpecified"}},"flowFailureAlertSubscribed":false,"isManaged":false}}