{"name":"af0270c1-9fea-4066-8c52-8b72101b7c5c","id":"/providers/Microsoft.Flow/flows/af0270c1-9fea-4066-8c52-8b72101b7c5c","type":"Microsoft.Flow/flows","properties":{"apiId":"/providers/Microsoft.PowerApps/apis/shared_logicflows","displayName":"docusign form capture to share point","definition":{"metadata":{"workflowEntityId":null,"processAdvisorMetadata":null,"flowclientsuspensionreason":"None","flowclientsuspensiontime":null,"flowclientsuspensionreasondetails":null,"creator":{"id":"5dff46a8-aea1-4451-9954-f148740d43ae","type":"User","tenantId":"a81c6778-50fd-4429-a1d0-4b842da62dda"},"provisioningMethod":"FromDefinition","failureAlertSubscription":true,"clientLastModifiedTime":"2022-08-11T17:03:44.8231056Z"},"$schema":"https://schema.management.azure.com/providers/Microsoft.Logic/schemas/2016-06-01/workflowdefinition.json#","contentVersion":"1.0.0.0","parameters":{"$connections":{"defaultValue":{},"type":"Object"},"$authentication":{"defaultValue":{},"type":"SecureObject"}},"triggers":{"When_a_new_response_is_submitted":{"splitOn":"@triggerOutputs()?['body/value']","metadata":{"operationMetadataId":"75603021-f19a-4f80-914a-bfcdc5cbbb2a"},"type":"OpenApiConnectionWebhook","inputs":{"host":{"apiId":"/providers/Microsoft.PowerApps/apis/shared_microsoftforms","connectionName":"shared_microsoftforms","operationId":"CreateFormWebhook"},"parameters":{"form_id":"eGccqP1QKUSh0EuELaYt2qhG_12hrlFEmVTxSHQNQ65UN0syS0ZST0FZRUhLTDBMODdIVVEzOENYUC4u"},"authentication":"@parameters('$authentication')"}}},"actions":{"Get_response_details":{"runAfter":{},"metadata":{"operationMetadataId":"41351c74-d9af-4d41-b69a-f42dc7cc6e1d"},"type":"OpenApiConnection","inputs":{"host":{"apiId":"/providers/Microsoft.PowerApps/apis/shared_microsoftforms","connectionName":"shared_microsoftforms","operationId":"GetFormResponseById"},"parameters":{"form_id":"eGccqP1QKUSh0EuELaYt2qhG_12hrlFEmVTxSHQNQ65UN0syS0ZST0FZRUhLTDBMODdIVVEzOENYUC4u","response_id":"@triggerOutputs()?['body/resourceData/responseId']"},"authentication":"@parameters('$authentication')"}},"Create_item":{"runAfter":{"Get_response_details":["Succeeded"]},"metadata":{"operationMetadataId":"fac3f2e7-f560-4ebc-9d66-2a11367e4ae3"},"type":"OpenApiConnection","inputs":{"host":{"apiId":"/providers/Microsoft.PowerApps/apis/shared_sharepointonline","connectionName":"shared_sharepointonline","operationId":"PostItem"},"parameters":{"dataset":"https://x4pry.sharepoint.com/sites/RaptorAnimalRescue","table":"43453813-c5f0-4333-b175-b1c5df756b36","item/Title":"@outputs('Get_response_details')?['body/r61b8aa0160164928a2af64fce2e9ee01']","item/PhoneNumber":"@outputs('Get_response_details')?['body/r1b13426fd85e46acaaa0aaf87c9f3111']","item/EmailAddress":"@outputs('Get_response_details')?['body/r8e2605cdc20840bfb68cf5f104780880']","item/AdoptionAnimaltype":"@outputs('Get_response_details')?['body/r99fc6535417e431299be0ffdaf714cff']","item/Address":"@outputs('Get_response_details')?['body/rb5ef89a10cb649d19a4d5c5c7a9c1e98']"},"authentication":"@parameters('$authentication')"}}}},"connectionReferences":{"shared_microsoftforms":{"connectionName":"shared-microsoftform-23f9fa52-5ebe-4f62-89c9-893aea66ae4f","source":"Embedded","id":"/providers/Microsoft.PowerApps/apis/shared_microsoftforms","tier":"NotSpecified"},"shared_sharepointonline":{"connectionName":"shared-sharepointonl-d69ca7e4-0ea4-4798-b0f9-fd68e5e29dc4","source":"Embedded","id":"/providers/Microsoft.PowerApps/apis/shared_sharepointonline","tier":"NotSpecified"}},"flowFailureAlertSubscribed":false,"isManaged":false}}